{"n_samples": 10, "discrepancies": [3.489479988226798, 3.4950946016538382, 6.393930945918674, 6.802537012315447, 6.805418832826976, 7.105645366779247, 7.6773157073672715, 8.107125889985824, 9.168359914914541, 9.452668468557997], "dim": 7, "populations": {"A": {"method_name": "Rejection within SMC-ABC", "parameter_names": ["fertility", "harvest", "maxDeathAge", "maxfission", "minDeathAge", "minfission", "need"], "seed": 2147483648, "n_sim": 10, "n_batches": 10, "threshold": 12.320077667185796, "accept_rate": 1, "cov": [[0.0008167019383230718, 0.0, 0.0, 0.0, 0.0, 0.0, 0.0], [0.0, 0.00462884500260994, 0.0, 0.0, 0.0, 0.0, 0.0], [0.0, 0.0, 14.132367646103846, 0.0, 0.0, 0.0, 0.0], [0.0, 0.0, 0.0, 17.722999514291885, 0.0, 0.0, 0.0], [0.0, 0.0, 0.0, 0.0, 5.310976714898989, 0.0, 0.0], [0.0, 0.0, 0.0, 0.0, 0.0, 5.361976697847305, 0.0], [0.0, 0.0, 0.0, 0.0, 0.0, 0.0, 4063.228881013851]], "samples": {"fertility": [0.07787462884665322, 0.1274012446893713, 0.1545015268295247, 0.11272400756637938, 0.11438219488410994, 0.12784047516366523, 0.11810213856695007, 0.10933644098302385, 0.0980427297580712, 0.12535515809080688], "harvest": [0.8603920324761843, 0.8275308296784375, 0.815096230724019, 0.929948480605464, 0.8561429634326462, 0.904832454857836, 0.8454042851507911, 0.8353441167888117, 0.9516842204703185, 0.9217025869896007], "maxDeathAge": [38.19390309039723, 39.26526156289778, 33.91794165875292, 39.26282382798633, 34.362721558225786, 32.82948928930122, 32.63116499649193, 33.99346162622069, 33.76105403623005, 33.32081074680019], "maxfission": [26.934081523933926, 22.2590530755367, 26.73952277730607, 22.26328489337869, 26.497666840315336, 22.323806632560878, 27.577308499093323, 29.26783713675643, 29.106586856237396, 29.8174990087067], "minDeathAge": [27.534961124081953, 25.942164836505178, 30.99866284880909, 29.554311743687776, 27.42448033414553, 29.411765367236328, 28.711516431081638, 29.126433182737156, 27.10939895102917, 30.72447624192444], "minfission": [17.436801511763736, 16.090761296819487, 20.50713619792929, 16.510634201258906, 16.970535415287493, 20.618192136716708, 16.356832213052684, 16.73433962255102, 17.05463457065443, 17.270533375885176], "need": [829.6004519063142, 790.0693240530965, 857.1618221487537, 740.2909393677535, 846.0690452685544, 882.4053105374503, 758.4653522530524, 780.0039925382554, 825.6112321605025, 823.721663273285]}, "discrepancy_name": "d", "weights": [1.0, 1.0, 1.0, 1.0, 1.0, 1.0, 1.0, 1.0, 1.0, 1.0]}, "B": {"method_name": "Rejection within SMC-ABC", "parameter_names": ["fertility", "harvest", "maxDeathAge", "maxfission", "minDeathAge", "minfission", "need"], "seed": 1439962116, "n_sim": 10, "n_batches": 10, "threshold": 15.601030634632608, "accept_rate": 1, "cov": [[0.002993909631456695, 0.0, 0.0, 0.0, 0.0, 0.0, 0.0], [0.0, 0.012917542618600366, 0.0, 0.0, 0.0, 0.0, 0.0], [0.0, 0.0, 11.539349846866342, 0.0, 0.0, 0.0, 0.0], [0.0, 0.0, 0.0, 13.76477995759004, 0.0, 0.0, 0.0], [0.0, 0.0, 0.0, 0.0, 7.771593014382967, 0.0, 0.0], [0.0, 0.0, 0.0, 0.0, 0.0, 2.8777495823750447, 0.0], [0.0, 0.0, 0.0, 0.0, 0.0, 0.0, 6359.256598493487]], "samples": {"fertility": [0.0789444787159976, 0.09018170546548526, 0.14902800812319583, 0.08829164222726019, 0.06561319250318859, 0.15890165689659355, 0.08090120019159885, 0.1723808117010588, 0.14025715434516836, 0.1566129091865423], "harvest": [0.9215710996071151, 0.812495476326266, 0.8642215620378845, 0.9362599427236602, 0.8573616191716701, 0.989757343323551, 0.8461818375029512, 0.8078587703140979, 0.9572332862145384, 0.9635898003168958], "maxDeathAge": [33.21232830498223, 33.230180803070546, 34.870458773248416, 33.61618427376205, 33.42732428001609, 38.36585697326978, 38.94130546659045, 34.30091151646685, 34.81920507842299, 35.550980097815916], "maxfission": [23.47438943213093, 29.020923559269946, 23.905762650324633, 28.515287903982948, 23.263137110103294, 23.242548176837737, 29.71408844684879, 27.29645327583447, 26.876041796970853, 25.01078749623508], "minDeathAge": [26.215572444574907, 25.61217066868107, 30.077485135556433, 27.09896528607597, 28.338551409639702, 29.70235398983287, 29.671678762026716, 30.79858971628318, 27.682310104823475, 30.759977320746984], "minfission": [19.14310647414984, 17.656550526339057, 18.43320274902196, 18.95097836611915, 18.502764002052576, 16.29747556986255, 17.678810407348674, 18.07118462427132, 15.286191501177676, 16.50960383373633], "need": [834.0636035713801, 788.4768705859029, 865.910107429743, 857.3326575012105, 926.8885088286631, 760.0842293655024, 770.8125356335106, 783.5658179868154, 679.8661764218999, 875.14724715324]}, "discrepancy_name": "d", "weights": [6.815821627124557, 8.759986934336775, 4.257042935034715, 3.2034335313085007, 0.44413677898855247, 27.10965194733394, 5.414537730089211, 9.78987502979138, 4.024638894522468, 10.41626640086276]}, "C": {"method_name": "Rejection within SMC-ABC", "parameter_names": ["fertility", "harvest", "maxDeathAge", "maxfission", "minDeathAge", "minfission", "need"], "seed": 1376720657, "n_sim": 12, "n_batches": 12, "threshold": 9.452668468557997, "accept_rate": 0.8333333333333334, "cov": [[0.002180133471416598, 0.0, 0.0, 0.0, 0.0, 0.0, 0.0], [0.0, 0.005103648875643509, 0.0, 0.0, 0.0, 0.0, 0.0], [0.0, 0.0, 7.290398548567241, 0.0, 0.0, 0.0, 0.0], [0.0, 0.0, 0.0, 3.8990991771723134, 0.0, 0.0, 0.0], [0.0, 0.0, 0.0, 0.0, 4.253806963012929, 0.0, 0.0], [0.0, 0.0, 0.0, 0.0, 0.0, 2.166735164346656, 0.0], [0.0, 0.0, 0.0, 0.0, 0.0, 0.0, 5742.0739463338905]], "samples": {"fertility": [0.06345539240315715, 0.10418195668916014, 0.0996761683122469, 0.012749348800414284, 0.1002623551118551, 0.0476613784996458, 0.19418764177412803, -0.04647806998483672, 0.17478171312527643, 0.16713949064985215], "harvest": [0.9402332155931655, 0.8493314042250409, 0.8286402759431357, 0.8448280503949431, 0.8708157081233573, 0.9285004743698448, 0.8832825523690591, 0.896184760626042, 0.9306890035102592, 0.9784488448542177], "maxDeathAge": [38.33410038933053, 33.80853208545306, 37.13313806344046, 38.104383613833164, 36.251519029460354, 34.73576500719536, 37.93287170695789, 35.89520879855285, 35.77293038756092, 36.05982643592848], "maxfission": [24.61399681663621, 25.074894459112333, 24.9156241221392, 22.34994258566745, 26.805732884161085, 23.744724066834088, 22.717678095260144, 25.262282335146995, 22.821535307471976, 22.82619951955081], "minDeathAge": [26.379245324017727, 29.336451294770463, 27.765414913668142, 30.499392370906723, 26.937552314231077, 27.980856489224703, 28.588847650886816, 27.364479499731477, 29.26943723738023, 29.47815302489307], "minfission": [17.39761830474657, 17.798744845166556, 16.418419987325564, 15.719359849010262, 15.835320980994435, 19.303434798465265, 16.38372508269204, 19.120443521223873, 16.698934210398452, 16.517544018650007], "need": [816.3807009823199, 815.9892746644834, 685.301061832238, 683.398272025444, 873.3866322301175, 854.2304485510297, 873.3783231612716, 868.69529704191, 918.8213633629897, 844.8537401131792]}, "discrepancy_name": "d", "weights": [8.045336984415101, 19.53487286938591, 3.354401715046925, 0.06066860227552549, 15.44929625824425, 1.0293893128557157, 0.8875956211971133, 2.4299798591806692e-05, 0.5055013628432302, 4.0253508083477785]}}, "method_name": "SMC", "parameter_names": ["fertility", "harvest", "maxDeathAge", "maxfission", "minDeathAge", "minfission", "need"], "threshold": 9.452668468557997, "seed": 2147483648, "n_sim": 32, "n_batches": 32, "samples": {"fertility": [0.06345539240315715, 0.10418195668916014, 0.0996761683122469, 0.012749348800414284, 0.1002623551118551, 0.0476613784996458, 0.19418764177412803, -0.04647806998483672, 0.17478171312527643, 0.16713949064985215], "harvest": [0.9402332155931655, 0.8493314042250409, 0.8286402759431357, 0.8448280503949431, 0.8708157081233573, 0.9285004743698448, 0.8832825523690591, 0.896184760626042, 0.9306890035102592, 0.9784488448542177],